{"gcc": {"mips": [[31.8677, "2e8ba1c3"], [33.63032, "39e0a72d"], [37.815400000000004, "405d4bcc"], [32.77182, "107e95ac"]], "best_mips": 37.815400000000004, "best_hash": "405d4bcc", "regressed_hash": null}, "llvm": {"mips": [[20.4367, "2e8ba1c3"], [20.39644, "39e0a72d"], [20.662119999999998, "405d4bcc"], [19.44794, "107e95ac"]], "best_mips": 20.662119999999998, "best_hash": "405d4bcc", "regressed_hash": null}, "tcc": {"mips": [[27.54784, "2e8ba1c3"], [28.31796, "39e0a72d"], [29.04712, "405d4bcc"], [25.1636, "107e95ac"]], "best_mips": 29.04712, "best_hash": "405d4bcc", "regressed_hash": null}}