{"gcc": {"Simulation_Time": [[3.17818, "c7735833"], [2.263646, "776fa91b"]], "best_Simulation_Time": 2.263646, "best_hash": "776fa91b", "regressed_hash": null}, "llvm": {"Simulation_Time": [[243.3288, "c7735833"], [234.17419999999998, "776fa91b"]], "best_Simulation_Time": 234.17419999999998, "best_hash": "776fa91b", "regressed_hash": null}, "tcc": {"Simulation_Time": [[7.20715, "c7735833"], [5.995666, "776fa91b"]], "best_Simulation_Time": 5.995666, "best_hash": "776fa91b", "regressed_hash": null}}