{"gcc": {"Simulation_Time": [[2.952272, "2e8ba1c3"], [3.261336, "39e0a72d"]], "best_Simulation_Time": 2.952272, "best_hash": "2e8ba1c3", "regressed_hash": null}, "llvm": {"Simulation_Time": [[262.0842, "2e8ba1c3"], [253.42659999999998, "39e0a72d"]], "best_Simulation_Time": 253.42659999999998, "best_hash": "39e0a72d", "regressed_hash": null}, "tcc": {"Simulation_Time": [[7.27296, "2e8ba1c3"], [7.328564, "39e0a72d"]], "best_Simulation_Time": 7.27296, "best_hash": "2e8ba1c3", "regressed_hash": null}}