{"gcc": {"mips": [[34.797, "c7735833"], [96.73888, "776fa91b"]], "best_mips": 96.73888, "best_hash": "776fa91b", "regressed_hash": null}, "llvm": {"mips": [[21.61156, "c7735833"], [23.84892, "776fa91b"]], "best_mips": 23.84892, "best_hash": "776fa91b", "regressed_hash": null}, "tcc": {"mips": [[27.98186, "c7735833"], [55.268679999999996, "776fa91b"]], "best_mips": 55.268679999999996, "best_hash": "776fa91b", "regressed_hash": null}}