{"gcc": {"mips": [[36.11074, "76f8568a"], [34.6089, "6ad58c75"]], "best_mips": 36.11074, "best_hash": "76f8568a", "regressed_hash": null}, "llvm": {"mips": [[18.93186, "76f8568a"], [19.25346, "6ad58c75"]], "best_mips": 19.25346, "best_hash": "6ad58c75", "regressed_hash": null}, "tcc": {"mips": [[26.95828, "76f8568a"], [27.839760000000002, "6ad58c75"]], "best_mips": 27.839760000000002, "best_hash": "6ad58c75", "regressed_hash": null}}