{"gcc": {"mips": [[37.676520000000004, "5d4e7a93"], [36.46456, "f432e2c5"], [33.51502, "27b7f50f"]], "best_mips": 37.676520000000004, "best_hash": "5d4e7a93", "regressed_hash": null}, "llvm": {"mips": [[20.1704, "5d4e7a93"], [22.18884, "f432e2c5"], [21.13192, "27b7f50f"]], "best_mips": 22.18884, "best_hash": "f432e2c5", "regressed_hash": null}, "tcc": {"mips": [[27.6961, "5d4e7a93"], [25.55058, "f432e2c5"], [28.03184, "27b7f50f"]], "best_mips": 28.03184, "best_hash": "27b7f50f", "regressed_hash": null}}