{"gcc": {"mips": [[36.11074, "76f8568a"], [34.6089, "6ad58c75"], [37.15282, "f9ddb773"]], "best_mips": 37.15282, "best_hash": "f9ddb773", "regressed_hash": null}, "llvm": {"mips": [[18.93186, "76f8568a"], [19.25346, "6ad58c75"], [20.1333, "f9ddb773"]], "best_mips": 20.1333, "best_hash": "f9ddb773", "regressed_hash": null}, "tcc": {"mips": [[26.95828, "76f8568a"], [27.839760000000002, "6ad58c75"], [29.282159999999998, "f9ddb773"]], "best_mips": 29.282159999999998, "best_hash": "f9ddb773", "regressed_hash": null}}