{"gcc": {"mips": [[31.8677, "2e8ba1c3"], [33.63032, "39e0a72d"]], "best_mips": 33.63032, "best_hash": "39e0a72d", "regressed_hash": null}, "llvm": {"mips": [[20.4367, "2e8ba1c3"], [20.39644, "39e0a72d"]], "best_mips": 20.4367, "best_hash": "2e8ba1c3", "regressed_hash": null}, "tcc": {"mips": [[27.54784, "2e8ba1c3"], [28.31796, "39e0a72d"]], "best_mips": 28.31796, "best_hash": "39e0a72d", "regressed_hash": null}}