{"gcc": {"Simulation_Time": [[2.952272, "2e8ba1c3"], [3.261336, "39e0a72d"], [3.034258, "1e8992c3"], [2.973564, "405d4bcc"]], "best_Simulation_Time": 2.952272, "best_hash": "2e8ba1c3", "regressed_hash": null}, "llvm": {"Simulation_Time": [[262.0842, "2e8ba1c3"], [253.42659999999998, "39e0a72d"], [253.242, "1e8992c3"], [247.3992, "405d4bcc"]], "best_Simulation_Time": 247.3992, "best_hash": "405d4bcc", "regressed_hash": null}, "tcc": {"Simulation_Time": [[7.27296, "2e8ba1c3"], [7.328564, "39e0a72d"], [7.769252, "1e8992c3"], [7.482086, "405d4bcc"]], "best_Simulation_Time": 7.27296, "best_hash": "2e8ba1c3", "regressed_hash": null}}